loss,val_loss,mae,val_mae
0.976948375764646,,0.7647314761814318,
1.058986036401046,,0.7864374392911008,
0.9545930918110045,,0.7499824605490032,
1.0415642653640949,,0.7899991007227647,
1.029429859236667,,0.7890311667793676,
0.9825428190984224,,0.8120493700629786,
0.6875074081318943,,0.6528754234313965,
0.4867319825448488,,0.5356251722887942,
0.38176550520093816,,0.49282846168467875,
0.2898144549445102,,0.44468131190852117,
