,MSE,RMSE,R²,Training Time
AAPL,0.0005235310424534597,0.022880800738904652,0.9316084750916801,0.029272079467773438
MSFT,0.0004574927759605994,0.02138908076474067,0.9071505813725921,0.010811090469360352
GOOGL,0.0005597719895292965,0.023659501041427236,0.9315871513605269,0.009415149688720703
AMZN,0.000699955954825599,0.02645668072199532,0.9524752821948399,0.009694337844848633
TSLA,0.000893487158961299,0.029891255560134958,0.9731139961676472,0.009946584701538086
