,MSE,MAE,RMSE,R²,Training Time,Inference Time
Linear Regression,0.0005235310424534597,0.01610440310919726,0.022880800738904652,0.9316084750916801,0.18265700340270996,0.00028586387634277344
Random Forest,0.03333406986224632,0.16347498396554982,0.18257620289141277,-3.354599220316836,3.9630188941955566,0.008964061737060547
LSTM,0.015517851607182888,0.11398722962380209,0.1245706691287435,-1.0271759430781158,0.13673901557922363,0.0009467601776123047
