,MSE,MAE,RMSE,R²,Training Time,Inference Time
Linear Regression,0.0005235310424534597,0.01610440310919726,0.022880800738904652,0.9316084750916801,0.014148712158203125,0.0002796649932861328
Random Forest,0.03333406986224632,0.16347498396554982,0.18257620289141277,-3.354599220316836,4.580029487609863,0.014037132263183594
LSTM,0.005896140674378704,0.05831936193786609,0.07678633129912318,0.22975713167843936,0.14039015769958496,0.0004379749298095703
