Model,MSE,RMSE,MAE,R²,MAPE
linear_fixed,2.4998271383535983e-25,4.99982713536538e-13,4.959830068180994e-13,1.0,3.060610147053526e-13
