Model,MSE,RMSE,MAE,R2,Training Time (s)
Linear Regression,1.5753898736444952e-30,1.2551453595677655e-15,1.006702229085784e-15,1.0,0.009174346923828125
Random Forest,0.0001886668140178723,0.013735603882533608,0.010286509230769418,0.973943647550646,2.1973698139190674
Gradient Boosting,0.00017963028724922044,0.013402622401948823,0.010110485422905852,0.9751916620868946,1.0883698463439941
