,MSE,MAE,RMSE,R²,Training Time,Inference Time
Linear Regression,0.0005235310424534565,0.01610440310919713,0.022880800738904583,0.9316084750916804,0.19873642921447754,0.00027823448181152344
Random Forest,0.03333712137039546,0.16350168984604943,0.1825845595070828,-3.354997854358883,4.0123865604400635,0.009986400604248047
LSTM,0.006103368287489059,0.06811520459008263,0.07812405703423919,0.20268593376568445,0.16586756706237793,0.00045871734619140625
