,Sequence Length,MSE,RMSE,R²,Training Time
0,10,0.0005039915785172515,0.022449756758531964,0.9480341810276867,0.0018610954284667969
1,30,0.0005131318960591041,0.022652414795317165,0.9407506620256829,0.005558013916015625
2,60,0.0005235310424534565,0.022880800738904583,0.9316084750916804,0.009352684020996094
3,90,0.0005433437870922942,0.02330973588636933,0.921415426262563,0.015384197235107422
4,120,0.0005699392058984077,0.02387339954632368,0.9083312820772217,0.04673624038696289
