Model,MSE,RMSE,MAE,R²,MAPE
linear_realistic,8.60659323865694,2.933699582209627,2.193822800158009,0.9717980388082019,1.3940436528211848
