,MSE_norm,MAE_norm,RMSE_norm,R²,Training Time,Inference Time,MSE_real,RMSE_real
Linear Regression,0.0005235310424534597,0.01610440310919726,0.022880800738904652,0.9316084750916801,0.011619329452514648,0.00041985511779785156,19.124939755663227,4.373207033249538
Random Forest,0.03333406986224632,0.16347498396554982,0.18257620289141277,-3.354599220316836,4.556033611297607,0.011183738708496094,1217.7159064702505,34.895786371283435
LSTM,0.0031128101100864948,0.042543774925096874,0.05579256321488102,0.5933577707614618,0.1085045337677002,0.0007181167602539062,113.71303895798283,10.663631602694405
