Model,MSE,RMSE,MAE,R²,MAPE
linear_realistic,12.902620243571093,3.592021748760869,2.6373496279607394,0.9755861406730175,2.6623067119954436
