Model,MSE,RMSE,MAE,R²,MAPE
linear_fixed,2.8515189264203725e-27,5.3399615414536206e-14,4.453988113006602e-14,1.0,4.555367432960323e-14
