Model,MSE,RMSE,MAE,R²,MAPE
linear,1.1713746848906791e-29,3.422535149404136e-15,2.645674327407902e-15,1.0,1.193110007309308e-13
