Model,MSE,RMSE,MAE,R²,MAPE
linear_realistic,27.878896107595985,5.280046979676978,4.0087211230802335,0.9834319386784678,1.4313357139555585
