Model,MSE,RMSE,MAE,R²,MAPE
linear_fixed,1.2323356604858525e-25,3.510463873173818e-13,3.429946937688075e-13,1.0,1.183299714813754e-13
